rank,name,en_name,url
0,삼성전자,samsungelectronics,https://www.musinsa.com/brands/samsung
1,무신사 스탠다드,musinsastandard,https://www.musinsa.com/brands/musinsastandard
2,엘무드,lmood,https://www.musinsa.com/brands/lmood
3,컨버스,converse,https://www.musinsa.com/brands/converse
4,라퍼지스토어,lafudgestore,https://www.musinsa.com/brands/lafudgestore
5,나이키,nike,https://www.musinsa.com/brands/nike
6,반스,vans,https://www.musinsa.com/brands/vans
7,도프제이슨,doffjason,https://www.musinsa.com/brands/doffjason
8,예일,yale,https://www.musinsa.com/brands/yale
9,드로우핏,drawfit,https://www.musinsa.com/brands/drawfit
10,토피,toffee,https://www.musinsa.com/brands/toffee
11,커버낫,covernat,https://www.musinsa.com/brands/covernat
12,아디다스,adidas,https://www.musinsa.com/brands/adidas
13,와릿이즌,whatitisnt,https://www.musinsa.com/brands/whatitisnt
14,마뗑킴,matinkim,https://www.musinsa.com/brands/matinkim
15,엠엘비,mlb,https://www.musinsa.com/brands/mlb
16,인사일런스,insilence,https://www.musinsa.com/brands/insilence
17,내셔널지오그래픽,nationalgeographic,https://www.musinsa.com/brands/nationalgeographic
18,리,lee,https://www.musinsa.com/brands/lee
19,모드나인,modnine,https://www.musinsa.com/brands/modnine
20,유니온블루,unionblue,https://www.musinsa.com/brands/unionblue
21,뉴발란스,newbalance,https://www.musinsa.com/brands/newbalance
22,스파오,spao,https://www.musinsa.com/brands/spao
23,제로,xero,https://www.musinsa.com/brands/xero
24,코드그라피,codegraphy,https://www.musinsa.com/brands/codegraphy
25,디스커버리 익스페디션,discoveryexpedition,https://www.musinsa.com/brands/discoveryexpedition
26,제멋,jemut,https://www.musinsa.com/brands/jemut
27,에스피오나지,espionage,https://www.musinsa.com/brands/espionage
28,디스이즈네버댓,thisisneverthat,https://www.musinsa.com/brands/thisisneverthat
29,파르티멘토,partimento,https://www.musinsa.com/brands/partimento
30,이벳필드,ebbetsfield,https://www.musinsa.com/brands/ebbetsfield
31,테이크이지,takeasy,https://www.musinsa.com/brands/takeasy
32,언더아머,underarmour,https://www.musinsa.com/brands/underarmour
33,플랙,plac,https://www.musinsa.com/brands/plac
34,메종미네드,maisonmined,https://www.musinsa.com/brands/maisonmined
35,마르디 메크르디,mardimercredi,https://www.musinsa.com/brands/mardimercredi
36,아식스,asics,https://www.musinsa.com/brands/asics
37,엘엠씨,lmc,https://www.musinsa.com/brands/lmc
38,비슬로우,beslow,https://www.musinsa.com/brands/beslow
39,질스튜어트 스포츠 뉴욕,jillstuartsportnewyork,https://www.musinsa.com/brands/jillstuartsportnewyork
40,브랜디드,branded,https://www.musinsa.com/brands/branded
41,후러브스아트,wholovesart,https://www.musinsa.com/brands/wholovesart
42,아웃스탠딩,outstanding,https://www.musinsa.com/brands/outstanding
43,우알롱,wooalong,https://www.musinsa.com/brands/wooalong
44,이피티,ept,https://www.musinsa.com/brands/ept
45,세터,satur,https://www.musinsa.com/brands/satur
46,엄브로,umbro,https://www.musinsa.com/brands/umbro
47,트래블,travel,https://www.musinsa.com/brands/travel
48,지프,jeep,https://www.musinsa.com/brands/jeep
49,비바스튜디오,vivastudio,https://www.musinsa.com/brands/vivastudio
50,닥터마틴,dr.martens,https://www.musinsa.com/brands/drmartens
51,더블유브이프로젝트,wvproject,https://www.musinsa.com/brands/wvproject
52,굿라이프웍스,glw,https://www.musinsa.com/brands/goodlifeworks
53,노스페이스,thenorthface,https://www.musinsa.com/brands/thenorthface
54,유니폼브릿지,uniformbridge,https://www.musinsa.com/brands/uniformbridge
55,소버먼트,soverment,https://www.musinsa.com/brands/sovermentwithlomort
56,스컬프터,sculptor,https://www.musinsa.com/brands/sculptor
57,푸마,puma,https://www.musinsa.com/brands/puma
58,로맨틱무브,romanticmove,https://www.musinsa.com/brands/romanticmove
59,86로드,86road,https://www.musinsa.com/brands/86road
60,널디,nerdy,https://www.musinsa.com/brands/nerdy
61,그루브라임,grooverhyme,https://www.musinsa.com/brands/grooverhyme
62,브렌슨,brenson,https://www.musinsa.com/brands/brenson
63,로맨틱크라운,romanticcrown,https://www.musinsa.com/brands/romanticcrown
64,나이스고스트클럽,niceghostclub,https://www.musinsa.com/brands/niceghostclub
65,어반드레스,avandress,https://www.musinsa.com/brands/avan
66,수아레,suare,https://www.musinsa.com/brands/suare
67,인스턴트펑크,instantfunk,https://www.musinsa.com/brands/instantfunk
68,폴로 랄프 로렌,poloralphlauren,https://www.musinsa.com/brands/poloralphlauren
69,비긴202,begin202,https://www.musinsa.com/brands/begin202
70,노매뉴얼,nomanual,https://www.musinsa.com/brands/nomanual
71,네이키드니스,neikidnis,https://www.musinsa.com/brands/neikidnis
72,캉골,kangol,https://www.musinsa.com/brands/kangol
73,브라운브레스,brownbreath,https://www.musinsa.com/brands/brownbreath
74,하 아카이브,haharchive,https://www.musinsa.com/brands/haharchive
75,아르반,areuban,https://www.musinsa.com/brands/areuban
76,트릴리온,trillion,https://www.musinsa.com/brands/trillion
77,앤더슨벨,anderssonbell,https://www.musinsa.com/brands/anderssonbell
78,꼼파뇨,cpgnstudio,https://www.musinsa.com/brands/compagno
79,필루미네이트,filluminate,https://www.musinsa.com/brands/filluminate
80,페플,fp142,https://www.musinsa.com/brands/fp142muji
81,아이러니포르노 화이트라인,ironypornowhiteline,https://www.musinsa.com/brands/ironypornowhiteline
82,브이투,v2,https://www.musinsa.com/brands/v2
83,리트리버클럽,retrieverclub,https://www.musinsa.com/brands/retrieverclub
84,가까이 유니언즈,gakkaiunions,https://www.musinsa.com/brands/gakka2
85,배드블러드,badblood,https://www.musinsa.com/brands/badblood
86,니티드,knitted,https://www.musinsa.com/brands/knitted
87,에잇세컨즈,8seconds,https://www.musinsa.com/brands/8seconds
88,퍼스텝,perstep,https://www.musinsa.com/brands/perstep
89,페이탈리즘,fatalism,https://www.musinsa.com/brands/fatalism
90,시그니처,signature,https://www.musinsa.com/brands/signature
91,인템포무드,intempomood,https://www.musinsa.com/brands/intempomood
92,타미진스,tommyjeans,https://www.musinsa.com/brands/tommyjeans
93,알파 인더스트리,alphaindustries,https://www.musinsa.com/brands/alphaindustries
94,챔피온,champion,https://www.musinsa.com/brands/champion
95,얼모스트블루,almostblue,https://www.musinsa.com/brands/almostblue
96,예스아이씨,yeseyesee,https://www.musinsa.com/brands/yeseyesee
97,어반디타입,urbandtype,https://www.musinsa.com/brands/urbandtype
98,프리즘웍스,frizmworks,https://www.musinsa.com/brands/frizmworks
99,이스트쿤스트,istkunst,https://www.musinsa.com/brands/istkunst
